ID  ,COMPANY  ,DESCRIPTION  ,LOCATION  ,TITLE  
1,Amazon,"Java, Spring Boot, AWS",Canada,Backend Developer
2,Meta,"React, FastApi, HTML",Canada,Frontend Developer
3,Microsoft,"Python, Java, Node.js",USA,Full Stack Developer
4,Amazon,"Java, Spring Boot, AWS",Canada,Backend Developer
5,Meta,"React, FastApi, HTML",Canada,Frontend Developer
6,Microsoft,"Python, Java, Node.js",USA,Full Stack Developer
7,Amazon,"Java, Spring Boot, AWS",Canada,Backend Developer
8,Meta,"React, FastApi, HTML",Canada,Frontend Developer
9,Microsoft,"Python, Java, Node.js",USA,Full Stack Developer
10,Amazon,"Java, Spring Boot, AWS",Canada,Backend Developer
11,Meta,"React, FastApi, HTML",Canada,Frontend Developer
12,Microsoft,"Python, Java, Node.js",USA,Full Stack Developer
13,Amazon,"Java, Spring Boot, AWS",Canada,Backend Developer
14,Meta,"React, FastApi, HTML",Canada,Frontend Developer
15,Microsoft,"Python, Java, Node.js",USA,Full Stack Developer
